"syst","site","gen_sp","study","abund","ef"
"Monarda_fistulosa","AMW","Bombus_bimaculatus","genung",0.00325581395348837,0.005
"Monarda_fistulosa","AMW","Bombus_griseocollis","genung",0.00325581395348837,0.005
"Monarda_fistulosa","AMW","Bombus_impatiens","genung",0.0358139534883721,0.055
"Monarda_fistulosa","AMW","Lasioglossum_hitchensi_weemsi","genung",0.00307833537331701,0.005
"Monarda_fistulosa","AMW","Lasioglossum_versatum","genung",0.0082093023255814,0.01
"Monarda_fistulosa","BAR","Bombus_bimaculatus","genung",0.00976744186046511,0.015
"Monarda_fistulosa","BAR","Bombus_fervidus","genung",0.00325581395348837,0.005
"Monarda_fistulosa","BAR","Bombus_griseocollis","genung",0.0293023255813953,0.045
"Monarda_fistulosa","BAR","Bombus_impatiens","genung",0.0520930232558139,0.08
"Monarda_fistulosa","BAR","Halictus_ligatus","genung",0.0082093023255814,0.01
"Monarda_fistulosa","BAR","Heriades_carinata","genung",0.0506149870801033,0.04
"Monarda_fistulosa","BAR","Hylaeus_affinis_modestus","genung",0.0123133414932681,0.02
"Monarda_fistulosa","BAR","Lasioglossum_hitchensi_weemsi","genung",0.00615667074663403,0.01
"Monarda_fistulosa","BAR","Lasioglossum_paradmirandum","genung",0.00615667074663403,0.01
"Monarda_fistulosa","BAR","Lasioglossum_versatum","genung",0.0082093023255814,0.01
"Monarda_fistulosa","BUC","Agapostemon_virescens","genung",0.0139796511627907,0.005
"Monarda_fistulosa","BUC","Bombus_fervidus","genung",0.0195348837209302,0.03
"Monarda_fistulosa","BUC","Bombus_griseocollis","genung",0.00651162790697674,0.01
"Monarda_fistulosa","BUC","Bombus_impatiens","genung",0.0390697674418605,0.06
"Monarda_fistulosa","BUC","Halictus_ligatus","genung",0.0041046511627907,0.005
"Monarda_fistulosa","BUC","Heriades_carinata","genung",0.0126537467700258,0.01
"Monarda_fistulosa","BUC","Hylaeus_mesillae","genung",0.00615667074663403,0.01
"Monarda_fistulosa","BUC","Lasioglossum_atwoodi","genung",0.00307833537331701,0.005
"Monarda_fistulosa","BUC","Lasioglossum_versatum","genung",0.0041046511627907,0.005
"Monarda_fistulosa","BUC","Peponapis_pruinosa","genung",0.0139796511627907,0.005
"Monarda_fistulosa","CAN","Agapostemon_virescens","genung",0.0139796511627907,0.005
"Monarda_fistulosa","CAN","Bombus_bimaculatus","genung",0.00651162790697674,0.01
"Monarda_fistulosa","CAN","Bombus_fervidus","genung",0.00325581395348837,0.005
"Monarda_fistulosa","CAN","Bombus_griseocollis","genung",0.00651162790697674,0.01
"Monarda_fistulosa","CAN","Bombus_impatiens","genung",0.0162790697674419,0.025
"Monarda_fistulosa","CAN","Halictus_ligatus","genung",0.0123139534883721,0.015
"Monarda_fistulosa","CAN","Heriades_carinata","genung",0.0126537467700258,0.01
"Monarda_fistulosa","CAN","Lasioglossum_hitchensi_weemsi","genung",0.00307833537331701,0.005
"Monarda_fistulosa","CAN","Lasioglossum_pilosum","genung",0.0041046511627907,0.005
"Monarda_fistulosa","CAN","Melissodes_desponsus","genung",0.0225109011627907,0.005
"Monarda_fistulosa","CAR","Bombus_fervidus","genung",0.00542635658914729,0.00833333333333333
"Monarda_fistulosa","CAR","Bombus_griseocollis","genung",0.00271317829457364,0.00416666666666667
"Monarda_fistulosa","CAR","Bombus_impatiens","genung",0.00813953488372093,0.0125
"Monarda_fistulosa","CEM","Bombus_bimaculatus","genung",0.00325581395348837,0.005
"Monarda_fistulosa","CEM","Bombus_griseocollis","genung",0.026046511627907,0.04
"Monarda_fistulosa","CEM","Bombus_impatiens","genung",0.0325581395348837,0.05
"Monarda_fistulosa","CEM","Halictus_ligatus","genung",0.0205232558139535,0.025
"Monarda_fistulosa","CEM","Hylaeus_affinis_modestus","genung",0.00307833537331701,0.005
"Monarda_fistulosa","CEM","Hylaeus_mesillae","genung",0.00615667074663403,0.01
"Monarda_fistulosa","CEM","Lasioglossum_cressonii","genung",0.00307833537331701,0.005
"Monarda_fistulosa","CEM","Lasioglossum_imitatum","genung",0.0123133414932681,0.02
"Monarda_fistulosa","CEM","Lasioglossum_pilosum","genung",0.0041046511627907,0.005
"Monarda_fistulosa","CEM","Megachile_exilis","genung",0.00632687338501292,0.005
"Monarda_fistulosa","CEM","Megachile_mendica","genung",0.00632687338501292,0.005
"Monarda_fistulosa","EVE","Bombus_impatiens","genung",0.0122093023255814,0.01875
"Monarda_fistulosa","EVE","Halictus_confusus","genung",0.0102616279069767,0.0125
"Monarda_fistulosa","EVE","Heriades_carinata","genung",0.0158171834625323,0.0125
"Monarda_fistulosa","EVE","Lasioglossum_abanci","genung",0.00513081395348837,0.00625
"Monarda_fistulosa","EVE","Lasioglossum_imitatum","genung",0.0230875152998776,0.0375
"Monarda_fistulosa","FOS","Bombus_bimaculatus","genung",0.0144702842377261,0.0222222222222222
"Monarda_fistulosa","FOS","Bombus_griseocollis","genung",0.00361757105943152,0.00555555555555556
"Monarda_fistulosa","FOS","Bombus_impatiens","genung",0.0144702842377261,0.0222222222222222
"Monarda_fistulosa","FOS","Heriades_carinata","genung",0.0210895779500431,0.0166666666666667
"Monarda_fistulosa","FOS","Heriades_variolosus","genung",0.00702985931668102,0.00555555555555556
"Monarda_fistulosa","FOS","Lasioglossum_hitchensi_weemsi","genung",0.0034203726370189,0.00555555555555556
"Monarda_fistulosa","FOS","Lasioglossum_imitatum","genung",0.0034203726370189,0.00555555555555556
"Monarda_fistulosa","FOS","Lasioglossum_platyparium","genung",0.0034203726370189,0.00555555555555556
"Monarda_fistulosa","HIL","Bombus_bimaculatus","genung",0.00542635658914729,0.00833333333333333
"Monarda_fistulosa","HIL","Bombus_griseocollis","genung",0.0108527131782946,0.0166666666666667
"Monarda_fistulosa","HIL","Bombus_impatiens","genung",0.0108527131782946,0.0166666666666667
"Monarda_fistulosa","HIL","Halictus_confusus","genung",0.00684108527131783,0.00833333333333333
"Monarda_fistulosa","HIL","Ptilothrix_bombiformis","genung",0.00542635658914729,0.00833333333333333
"Monarda_fistulosa","HOL","Bombus_bimaculatus","genung",0.0217054263565891,0.0333333333333333
"Monarda_fistulosa","HOL","Bombus_griseocollis","genung",0.0162790697674419,0.025
"Monarda_fistulosa","HOL","Bombus_impatiens","genung",0.00542635658914729,0.00833333333333333
"Monarda_fistulosa","HOL","Halictus_ligatus","genung",0.00684108527131783,0.00833333333333333
"Monarda_fistulosa","HOL","Lasioglossum_foxii","genung",0.00684108527131783,0.00833333333333333
"Monarda_fistulosa","HOL","Lasioglossum_hitchensi_weemsi","genung",0.0102611179110567,0.0166666666666667
"Monarda_fistulosa","HOL","Lasioglossum_imitatum","genung",0.00513055895552836,0.00833333333333333
"Monarda_fistulosa","HOL","Lasioglossum_versatum","genung",0.00684108527131783,0.00833333333333333
"Monarda_fistulosa","HOM","Bombus_bimaculatus","genung",0.00465116279069767,0.00714285714285714
"Monarda_fistulosa","HOM","Bombus_griseocollis","genung",0.00465116279069767,0.00714285714285714
"Monarda_fistulosa","HOM","Bombus_impatiens","genung",0.00930232558139535,0.0142857142857143
"Monarda_fistulosa","HOM","Heriades_variolosus","genung",0.0180767811000369,0.0142857142857143
"Monarda_fistulosa","HOM","Lasioglossum_abanci","genung",0.00586378737541528,0.00714285714285714
"Monarda_fistulosa","HOM","Lasioglossum_cattellae","genung",0.00439762196188145,0.00714285714285714
"Monarda_fistulosa","HOM","Lasioglossum_imitatum","genung",0.00439762196188145,0.00714285714285714
"Monarda_fistulosa","HOM","Lasioglossum_paradmirandum","genung",0.00439762196188145,0.00714285714285714
"Monarda_fistulosa","HOM","Megachile_exilis","genung",0.00903839055001845,0.00714285714285714
"Monarda_fistulosa","HOM","Melissodes_bimaculatus","genung",0.0321584302325581,0.00714285714285714
"Monarda_fistulosa","HOM","Melissodes_denticulatus","genung",0.0321584302325581,0.00714285714285714
"Monarda_fistulosa","HOM","Melissodes_desponsus","genung",0.0321584302325581,0.00714285714285714
"Monarda_fistulosa","JUN","Bombus_bimaculatus","genung",0.0122093023255814,0.01875
"Monarda_fistulosa","JUN","Bombus_griseocollis","genung",0.0122093023255814,0.01875
"Monarda_fistulosa","JUN","Bombus_impatiens","genung",0.166860465116279,0.25625
"Monarda_fistulosa","JUN","Bombus_vagans","genung",0.00406976744186046,0.00625
"Monarda_fistulosa","JUN","Halictus_ligatus","genung",0.0205232558139535,0.025
"Monarda_fistulosa","JUN","Heriades_carinata","genung",0.0395429586563307,0.03125
"Monarda_fistulosa","JUN","Heriades_variolosus","genung",0.00790859173126615,0.00625
"Monarda_fistulosa","JUN","Lasioglossum_hitchensi_weemsi","genung",0.00769583843329253,0.0125
"Monarda_fistulosa","JUN","Lasioglossum_imitatum","genung",0.0307833537331701,0.05
"Monarda_fistulosa","JUN","Lasioglossum_obscurum","genung",0.00384791921664627,0.00625
"Monarda_fistulosa","JUN","Lasioglossum_paradmirandum","genung",0.0192395960832313,0.03125
"Monarda_fistulosa","JUN","Lasioglossum_viridatum","genung",0.00384791921664627,0.00625
"Monarda_fistulosa","JUN","Megachile_mendica","genung",0.00790859173126615,0.00625
"Monarda_fistulosa","JUN","Melissodes_desponsus","genung",0.0281386264534884,0.00625
"Monarda_fistulosa","JUN","Ptilothrix_bombiformis","genung",0.00406976744186046,0.00625
"Monarda_fistulosa","LAV","Bombus_griseocollis","genung",0.0162790697674419,0.025
"Monarda_fistulosa","LAV","Bombus_impatiens","genung",0.0284883720930233,0.04375
"Monarda_fistulosa","LAV","Heriades_carinata","genung",0.00790859173126615,0.00625
"Monarda_fistulosa","LAV","Hylaeus_affinis_modestus","genung",0.0307833537331701,0.05
"Monarda_fistulosa","LAV","Lasioglossum_cattellae","genung",0.00384791921664627,0.00625
"Monarda_fistulosa","LAV","Melissodes_desponsus","genung",0.0281386264534884,0.00625
"Monarda_fistulosa","LAW","Bombus_bimaculatus","genung",0.00325581395348837,0.005
"Monarda_fistulosa","LAW","Bombus_griseocollis","genung",0.0162790697674419,0.025
"Monarda_fistulosa","LAW","Bombus_impatiens","genung",0.0227906976744186,0.035
"Monarda_fistulosa","LAW","Halictus_ligatus","genung",0.0041046511627907,0.005
"Monarda_fistulosa","LAW","Heriades_carinata","genung",0.00632687338501292,0.005
"Monarda_fistulosa","LAW","Hylaeus_mesillae","genung",0.00307833537331701,0.005
"Monarda_fistulosa","LAW","Lasioglossum_imitatum","genung",0.00307833537331701,0.005
"Monarda_fistulosa","LAW","Lasioglossum_tegulare","genung",0.00307833537331701,0.005
"Monarda_fistulosa","LAW","Megachile_sculpturalis","genung",0.00632687338501292,0.005
"Monarda_fistulosa","MOU","Bombus_bimaculatus","genung",0.00976744186046511,0.015
"Monarda_fistulosa","MOU","Bombus_griseocollis","genung",0.00325581395348837,0.005
"Monarda_fistulosa","MOU","Bombus_impatiens","genung",0.0293023255813953,0.045
"Monarda_fistulosa","MOU","Heriades_variolosus","genung",0.00632687338501292,0.005
"Monarda_fistulosa","MOU","Lasioglossum_versatum","genung",0.0082093023255814,0.01
"Monarda_fistulosa","OLD","Bombus_bimaculatus","genung",0.00813953488372093,0.0125
"Monarda_fistulosa","OLD","Bombus_griseocollis","genung",0.0366279069767442,0.05625
"Monarda_fistulosa","OLD","Bombus_impatiens","genung",0.0447674418604651,0.06875
"Monarda_fistulosa","OLD","Heriades_carinata","genung",0.0632687338501292,0.05
"Monarda_fistulosa","OLD","Hylaeus_affinis_modestus","genung",0.00384791921664627,0.00625
"Monarda_fistulosa","OLD","Lasioglossum_platyparium","genung",0.00384791921664627,0.00625
"Monarda_fistulosa","OLD","Lasioglossum_versatum","genung",0.00513081395348837,0.00625
"Monarda_fistulosa","PRK","Bombus_bimaculatus","genung",0.00406976744186046,0.00625
"Monarda_fistulosa","PRK","Bombus_griseocollis","genung",0.00406976744186046,0.00625
"Monarda_fistulosa","PRK","Bombus_impatiens","genung",0.00813953488372093,0.0125
"Monarda_fistulosa","PRK","Bombus_perplexus","genung",0.00406976744186046,0.00625
"Monarda_fistulosa","PRK","Lasioglossum_smilacinae","genung",0.00513081395348837,0.00625
"Monarda_fistulosa","PRK","Ptilothrix_bombiformis","genung",0.0122093023255814,0.01875
"Monarda_fistulosa","QUA","Bombus_bimaculatus","genung",0.00813953488372093,0.0125
"Monarda_fistulosa","QUA","Bombus_griseocollis","genung",0.0162790697674419,0.025
"Monarda_fistulosa","QUA","Bombus_impatiens","genung",0.0162790697674419,0.025
"Monarda_fistulosa","QUA","Heriades_carinata","genung",0.0316343669250646,0.025
"Monarda_fistulosa","QUA","Heriades_variolosus","genung",0.0237257751937984,0.01875
"Monarda_fistulosa","QUA","Hylaeus_mesillae","genung",0.00384791921664627,0.00625
"Monarda_fistulosa","QUA","Lasioglossum_atwoodi","genung",0.00384791921664627,0.00625
"Monarda_fistulosa","QUA","Lasioglossum_gotham","genung",0.0102616279069767,0.0125
"Monarda_fistulosa","QUA","Lasioglossum_hitchensi_weemsi","genung",0.00384791921664627,0.00625
"Monarda_fistulosa","QUA","Lasioglossum_imitatum","genung",0.0230875152998776,0.0375
"Monarda_fistulosa","QUA","Lasioglossum_versatum","genung",0.00513081395348837,0.00625
"Monarda_fistulosa","QUA","Melissodes_desponsus","genung",0.0281386264534884,0.00625
"Monarda_fistulosa","QUA","Peponapis_pruinosa","genung",0.0174745639534884,0.00625
"Monarda_fistulosa","ROO","Bombus_griseocollis","genung",0.00406976744186046,0.00625
"Monarda_fistulosa","ROO","Bombus_impatiens","genung",0.0406976744186046,0.0625
"Monarda_fistulosa","ROO","Halictus_confusus","genung",0.0513081395348837,0.0625
"Monarda_fistulosa","ROO","Halictus_ligatus","genung",0.0359156976744186,0.04375
"Monarda_fistulosa","ROO","Heriades_variolosus","genung",0.00790859173126615,0.00625
"Monarda_fistulosa","ROO","Lasioglossum_hitchensi_weemsi","genung",0.00769583843329253,0.0125
"Monarda_fistulosa","ROO","Lasioglossum_imitatum","genung",0.00384791921664627,0.00625
"Monarda_fistulosa","ROO","Lasioglossum_trigeminum","genung",0.00384791921664627,0.00625
"Monarda_fistulosa","ROO","Lasioglossum_versatum","genung",0.0102616279069767,0.0125
"Monarda_fistulosa","ROO","Megachile_brevis","genung",0.00790859173126615,0.00625
"Monarda_fistulosa","ROO","Ptilothrix_bombiformis","genung",0.00406976744186046,0.00625
"Monarda_fistulosa","ROY","Bombus_fervidus","genung",0.00325581395348837,0.005
"Monarda_fistulosa","ROY","Bombus_griseocollis","genung",0.00651162790697674,0.01
"Monarda_fistulosa","ROY","Bombus_impatiens","genung",0.0618604651162791,0.095
"Monarda_fistulosa","ROY","Coelioxys_sayi","genung",0.00632687338501292,0.005
"Monarda_fistulosa","ROY","Heriades_carinata","genung",0.0126537467700258,0.01
"Monarda_fistulosa","ROY","Hylaeus_affinis_modestus","genung",0.0123133414932681,0.02
"Monarda_fistulosa","ROY","Hylaeus_mesillae","genung",0.00615667074663403,0.01
"Monarda_fistulosa","US2","Bombus_griseocollis","genung",0.0366279069767442,0.05625
"Monarda_fistulosa","US2","Bombus_impatiens","genung",0.0447674418604651,0.06875
"Monarda_fistulosa","US2","Halictus_confusus","genung",0.00513081395348837,0.00625
"Monarda_fistulosa","US2","Halictus_ligatus","genung",0.0153924418604651,0.01875
"Monarda_fistulosa","US2","Heriades_carinata","genung",0.0632687338501292,0.05
"Monarda_fistulosa","US2","Hylaeus_affinis_modestus","genung",0.00384791921664627,0.00625
"Monarda_fistulosa","US2","Lasioglossum_imitatum","genung",0.00769583843329253,0.0125
"Monarda_fistulosa","VAN","Bombus_griseocollis","genung",0.00406976744186046,0.00625
"Monarda_fistulosa","VAN","Bombus_impatiens","genung",0.0162790697674419,0.025
"Monarda_fistulosa","VAN","Heriades_variolosus","genung",0.0158171834625323,0.0125
"Monarda_fistulosa","VAN","Hylaeus_affinis_modestus","genung",0.0115437576499388,0.01875
"Monarda_fistulosa","VAN","Hylaeus_mesillae","genung",0.0192395960832313,0.03125
"Monarda_fistulosa","VAN","Lasioglossum_abanci","genung",0.00513081395348837,0.00625
"Monarda_fistulosa","VAN","Lasioglossum_hitchensi_weemsi","genung",0.00384791921664627,0.00625
"Monarda_fistulosa","VAN","Lasioglossum_imitatum","genung",0.0115437576499388,0.01875
"Monarda_fistulosa","VAN","Lasioglossum_versatum","genung",0.00513081395348837,0.00625
"Monarda_fistulosa","WES","Bombus_griseocollis","genung",0.0325581395348837,0.05
"Monarda_fistulosa","WES","Bombus_impatiens","genung",0.0162790697674419,0.025
"Monarda_fistulosa","WES","Halictus_confusus","genung",0.00684108527131783,0.00833333333333333
"Monarda_fistulosa","WES","Halictus_ligatus","genung",0.0136821705426357,0.0166666666666667
"Monarda_fistulosa","WES","Lasioglossum_hitchensi_weemsi","genung",0.0102611179110567,0.0166666666666667
"Monarda_fistulosa","WES","Lasioglossum_imitatum","genung",0.0205222358221134,0.0333333333333333
"Monarda_fistulosa","ZIO","Bombus_fervidus","genung",0.00325581395348837,0.005
"Monarda_fistulosa","ZIO","Bombus_griseocollis","genung",0.00651162790697674,0.01
"Monarda_fistulosa","ZIO","Bombus_impatiens","genung",0.0553488372093023,0.085
"Monarda_fistulosa","ZIO","Heriades_variolosus","genung",0.00632687338501292,0.005
"Monarda_fistulosa","ZIO","Hylaeus_mesillae","genung",0.00307833537331701,0.005
"Monarda_fistulosa","ZIO","Lasioglossum_hitchensi_weemsi","genung",0.00307833537331701,0.005
"Monarda_fistulosa","ZIO","Lasioglossum_imitatum","genung",0.0246266829865361,0.04
"Monarda_fistulosa","ZIO","Lasioglossum_versatum","genung",0.0041046511627907,0.005
"Phacelia_tanacetifolia","AMW","Augochlora_pura","genung",0.000225888124060447,0.00833333333333333
"Phacelia_tanacetifolia","AMW","Augochlorella_aurata","genung",0.000112944062030224,0.00416666666666667
"Phacelia_tanacetifolia","AMW","Bombus_bimaculatus","genung",0.0595093763781071,0.0166666666666667
"Phacelia_tanacetifolia","AMW","Ceratina_calcarata","genung",0.00260717943539661,0.0791666666666667
"Phacelia_tanacetifolia","AMW","Ceratina_dupla","genung",0.00192107958397645,0.0583333333333333
"Phacelia_tanacetifolia","AMW","Ceratina_strenua","genung",0.00164663964340839,0.05
"Phacelia_tanacetifolia","AMW","Hylaeus_affinis_modestus","genung",0.0513354848126104,0.025
"Phacelia_tanacetifolia","AMW","Lasioglossum_hitchensi_weemsi","genung",0.000514315296659758,0.0333333333333333
"Phacelia_tanacetifolia","AMW","Lasioglossum_illinoense","genung",6.42894120824698e-05,0.00416666666666667
"Phacelia_tanacetifolia","AMW","Lasioglossum_laevissimum","genung",6.42894120824698e-05,0.00416666666666667
"Phacelia_tanacetifolia","AMW","Lasioglossum_paradmirandum","genung",0.00012857882416494,0.00833333333333333
"Phacelia_tanacetifolia","AMW","Lasioglossum_taylorae","genung",6.42894120824698e-05,0.00416666666666667
"Phacelia_tanacetifolia","AMW","Lasioglossum_viridatum","genung",6.42894120824698e-05,0.00416666666666667
"Phacelia_tanacetifolia","BAR","Augochlora_pura","genung",0.000271065748872537,0.01
"Phacelia_tanacetifolia","BAR","Bombus_bimaculatus","genung",0.0178528129134321,0.005
"Phacelia_tanacetifolia","BAR","Bombus_griseocollis","genung",0.24993938078805,0.07
"Phacelia_tanacetifolia","BAR","Ceratina_calcarata","genung",0.00131731171472671,0.04
"Phacelia_tanacetifolia","BAR","Ceratina_dupla","genung",0.000329327928681677,0.01
"Phacelia_tanacetifolia","BAR","Ceratina_mikmaqi","genung",0.000329327928681677,0.01
"Phacelia_tanacetifolia","BAR","Ceratina_strenua","genung",0.000329327928681677,0.01
"Phacelia_tanacetifolia","BAR","Heriades_carinata","genung",0.00410028241061438,0.005
"Phacelia_tanacetifolia","BAR","Heriades_variolosus","genung",0.00410028241061438,0.005
"Phacelia_tanacetifolia","BAR","Hylaeus_affinis_modestus","genung",0.0308012908875663,0.015
"Phacelia_tanacetifolia","BAR","Hylaeus_mesillae","genung",0.0205341939250442,0.01
"Phacelia_tanacetifolia","BAR","Lasioglossum_hitchensi_weemsi","genung",0.000385736472494819,0.025
"Phacelia_tanacetifolia","BAR","Lasioglossum_imitatum","genung",7.71472944989637e-05,0.005
"Phacelia_tanacetifolia","BAR","Lasioglossum_paradmirandum","genung",0.000231441883496891,0.015
"Phacelia_tanacetifolia","BAR","Lasioglossum_tegulare","genung",7.71472944989637e-05,0.005
"Phacelia_tanacetifolia","BUC","Augochlora_pura","genung",0.000271065748872537,0.01
"Phacelia_tanacetifolia","BUC","Bombus_bimaculatus","genung",0.124969690394025,0.035
"Phacelia_tanacetifolia","BUC","Bombus_perplexus","genung",0.0178528129134321,0.005
"Phacelia_tanacetifolia","BUC","Ceratina_calcarata","genung",0.000658655857363355,0.02
"Phacelia_tanacetifolia","BUC","Ceratina_dupla","genung",0.00263462342945342,0.08
"Phacelia_tanacetifolia","BUC","Ceratina_mikmaqi","genung",0.00230529550077174,0.07
"Phacelia_tanacetifolia","BUC","Ceratina_strenua","genung",0.00329327928681677,0.1
"Phacelia_tanacetifolia","BUC","Hylaeus_affinis_modestus","genung",0.123205163550265,0.06
"Phacelia_tanacetifolia","BUC","Hylaeus_mesillae","genung",0.0410683878500884,0.02
"Phacelia_tanacetifolia","BUC","Lasioglossum_callidum","genung",7.71472944989637e-05,0.005
"Phacelia_tanacetifolia","BUC","Lasioglossum_hitchensi_weemsi","genung",7.71472944989637e-05,0.005
"Phacelia_tanacetifolia","BUC","Lasioglossum_tegulare","genung",7.71472944989637e-05,0.005
"Phacelia_tanacetifolia","BUC","Lasioglossum_trigeminum","genung",7.71472944989637e-05,0.005
"Phacelia_tanacetifolia","BUC","Lasioglossum_viridatum","genung",7.71472944989637e-05,0.005
"Phacelia_tanacetifolia","CAN","Agapostemon_virescens","genung",0.0245192818688047,0.005
"Phacelia_tanacetifolia","CAN","Bombus_bimaculatus","genung",0.0357056258268642,0.01
"Phacelia_tanacetifolia","CAN","Bombus_griseocollis","genung",0.0178528129134321,0.005
"Phacelia_tanacetifolia","CAN","Ceratina_calcarata","genung",0.00148197567906755,0.045
"Phacelia_tanacetifolia","CAN","Ceratina_strenua","genung",0.000658655857363355,0.02
"Phacelia_tanacetifolia","CAN","Heriades_carinata","genung",0.00410028241061438,0.005
"Phacelia_tanacetifolia","CAN","Heriades_variolosus","genung",0.0123008472318431,0.015
"Phacelia_tanacetifolia","CAN","Hylaeus_affinis_modestus","genung",0.0102670969625221,0.005
"Phacelia_tanacetifolia","CAN","Lasioglossum_tegulare","genung",7.71472944989637e-05,0.005
"Phacelia_tanacetifolia","CAR","Bombus_bimaculatus","genung",0.0297546881890535,0.00833333333333333
"Phacelia_tanacetifolia","CAR","Ceratina_dupla","genung",0.000411659910852097,0.0125
"Phacelia_tanacetifolia","CAR","Ceratina_mikmaqi","genung",0.000274439940568065,0.00833333333333333
"Phacelia_tanacetifolia","CAR","Hylaeus_affinis_modestus","genung",0.0256677424063052,0.0125
"Phacelia_tanacetifolia","CAR","Lasioglossum_trigeminum","genung",6.42894120824698e-05,0.00416666666666667
"Phacelia_tanacetifolia","CEM","Agapostemon_virescens","genung",0.0245192818688047,0.005
"Phacelia_tanacetifolia","CEM","Bombus_bimaculatus","genung",0.0892640645671606,0.025
"Phacelia_tanacetifolia","CEM","Ceratina_calcarata","genung",0.00131731171472671,0.04
"Phacelia_tanacetifolia","CEM","Ceratina_dupla","genung",0.000823319821704194,0.025
"Phacelia_tanacetifolia","CEM","Ceratina_mikmaqi","genung",0.00115264775038587,0.035
"Phacelia_tanacetifolia","CEM","Ceratina_strenua","genung",0.00329327928681677,0.1
"Phacelia_tanacetifolia","CEM","Heriades_variolosus","genung",0.00820056482122875,0.01
"Phacelia_tanacetifolia","CEM","Hylaeus_affinis_modestus","genung",0.0513354848126105,0.025
"Phacelia_tanacetifolia","CEM","Hylaeus_mesillae","genung",0.0410683878500884,0.02
"Phacelia_tanacetifolia","CEM","Lasioglossum_cressonii","genung",7.71472944989637e-05,0.005
"Phacelia_tanacetifolia","CEM","Lasioglossum_hitchensi_weemsi","genung",0.000308589177995855,0.02
"Phacelia_tanacetifolia","CEM","Lasioglossum_imitatum","genung",0.00231441883496891,0.15
"Phacelia_tanacetifolia","CEM","Lasioglossum_tegulare","genung",7.71472944989637e-05,0.005
"Phacelia_tanacetifolia","EVE","Augochlora_pura","genung",0.000406598623308805,0.015
"Phacelia_tanacetifolia","EVE","Augochlorella_aurata","genung",0.000135532874436268,0.005
"Phacelia_tanacetifolia","EVE","Bombus_griseocollis","genung",0.0357056258268642,0.01
"Phacelia_tanacetifolia","EVE","Ceratina_calcarata","genung",0.00230529550077174,0.07
"Phacelia_tanacetifolia","EVE","Ceratina_dupla","genung",0.000329327928681677,0.01
"Phacelia_tanacetifolia","EVE","Ceratina_strenua","genung",0.00263462342945342,0.08
"Phacelia_tanacetifolia","EVE","Heriades_carinata","genung",0.0123008472318431,0.015
"Phacelia_tanacetifolia","EVE","Hylaeus_affinis_modestus","genung",0.0308012908875663,0.015
"Phacelia_tanacetifolia","EVE","Lasioglossum_imitatum","genung",7.71472944989637e-05,0.005
"Phacelia_tanacetifolia","FOS","Augochlorella_aurata","genung",0.000135532874436268,0.005
"Phacelia_tanacetifolia","FOS","Bombus_bimaculatus","genung",0.0714112516537285,0.02
"Phacelia_tanacetifolia","FOS","Bombus_griseocollis","genung",0.0178528129134321,0.005
"Phacelia_tanacetifolia","FOS","Ceratina_calcarata","genung",0.00164663964340839,0.05
"Phacelia_tanacetifolia","FOS","Ceratina_dupla","genung",0.000987983786045032,0.03
"Phacelia_tanacetifolia","FOS","Ceratina_strenua","genung",0.0021406315364309,0.065
"Phacelia_tanacetifolia","FOS","Heriades_carinata","genung",0.00820056482122875,0.01
"Phacelia_tanacetifolia","FOS","Heriades_variolosus","genung",0.00410028241061438,0.005
"Phacelia_tanacetifolia","FOS","Hylaeus_affinis_modestus","genung",0.0718696787376547,0.035
"Phacelia_tanacetifolia","FOS","Hylaeus_mesillae","genung",0.0205341939250442,0.01
"Phacelia_tanacetifolia","FOS","Lasioglossum_hitchensi_weemsi","genung",0.000308589177995855,0.02
"Phacelia_tanacetifolia","HIL","Bombus_bimaculatus","genung",0.0148773440945268,0.00416666666666667
"Phacelia_tanacetifolia","HIL","Bombus_griseocollis","genung",0.0297546881890535,0.00833333333333333
"Phacelia_tanacetifolia","HIL","Ceratina_calcarata","genung",0.000137219970284032,0.00416666666666667
"Phacelia_tanacetifolia","HIL","Ceratina_dupla","genung",0.000411659910852097,0.0125
"Phacelia_tanacetifolia","HIL","Ceratina_mikmaqi","genung",0.000137219970284032,0.00416666666666667
"Phacelia_tanacetifolia","HIL","Ceratina_strenua","genung",0.0089192980684621,0.270833333333333
"Phacelia_tanacetifolia","HIL","Hylaeus_affinis_modestus","genung",0.0684473130834806,0.0333333333333333
"Phacelia_tanacetifolia","HIL","Hylaeus_mesillae","genung",0.0256677424063052,0.0125
"Phacelia_tanacetifolia","HIL","Lasioglossum_hitchensi_weemsi","genung",6.42894120824698e-05,0.00416666666666667
"Phacelia_tanacetifolia","HIL","Lasioglossum_paradmirandum","genung",6.42894120824698e-05,0.00416666666666667
"Phacelia_tanacetifolia","HOL","Augochlora_pura","genung",0.000135532874436268,0.005
"Phacelia_tanacetifolia","HOL","Bombus_griseocollis","genung",0.0178528129134321,0.005
"Phacelia_tanacetifolia","HOL","Ceratina_calcarata","genung",0.00279928739379426,0.085
"Phacelia_tanacetifolia","HOL","Ceratina_dupla","genung",0.000658655857363355,0.02
"Phacelia_tanacetifolia","HOL","Ceratina_mikmaqi","genung",0.000823319821704194,0.025
"Phacelia_tanacetifolia","HOL","Ceratina_strenua","genung",0.000823319821704194,0.025
"Phacelia_tanacetifolia","HOL","Hylaeus_affinis_modestus","genung",0.24641032710053,0.12
"Phacelia_tanacetifolia","HOL","Hylaeus_mesillae","genung",0.0308012908875663,0.015
"Phacelia_tanacetifolia","HOL","Lasioglossum_callidum","genung",7.71472944989637e-05,0.005
"Phacelia_tanacetifolia","HOL","Lasioglossum_hitchensi_weemsi","genung",7.71472944989637e-05,0.005
"Phacelia_tanacetifolia","HOM","Bombus_bimaculatus","genung",0.0178528129134321,0.005
"Phacelia_tanacetifolia","HOM","Bombus_impatiens","genung",0.0178528129134321,0.005
"Phacelia_tanacetifolia","HOM","Ceratina_calcarata","genung",0.00230529550077174,0.07
"Phacelia_tanacetifolia","HOM","Ceratina_dupla","genung",0.00115264775038587,0.035
"Phacelia_tanacetifolia","HOM","Ceratina_strenua","genung",0.00246995946511258,0.075
"Phacelia_tanacetifolia","HOM","Heriades_variolosus","genung",0.00820056482122875,0.01
"Phacelia_tanacetifolia","HOM","Hylaeus_affinis_modestus","genung",0.0102670969625221,0.005
"Phacelia_tanacetifolia","HOM","Hylaeus_mesillae","genung",0.0102670969625221,0.005
"Phacelia_tanacetifolia","HOM","Lasioglossum_hitchensi_weemsi","genung",7.71472944989637e-05,0.005
"Phacelia_tanacetifolia","HOM","Lasioglossum_imitatum","genung",7.71472944989637e-05,0.005
"Phacelia_tanacetifolia","JUN","Augochlorella_aurata","genung",0.000135532874436268,0.005
"Phacelia_tanacetifolia","JUN","Bombus_bimaculatus","genung",0.142822503307457,0.04
"Phacelia_tanacetifolia","JUN","Ceratina_calcarata","genung",0.00164663964340839,0.05
"Phacelia_tanacetifolia","JUN","Ceratina_dupla","genung",0.00181130360774923,0.055
"Phacelia_tanacetifolia","JUN","Ceratina_mikmaqi","genung",0.000658655857363355,0.02
"Phacelia_tanacetifolia","JUN","Ceratina_strenua","genung",0.00345794325115761,0.105
"Phacelia_tanacetifolia","JUN","Lasioglossum_cressonii","genung",7.71472944989637e-05,0.005
"Phacelia_tanacetifolia","JUN","Lasioglossum_hitchensi_weemsi","genung",7.71472944989637e-05,0.005
"Phacelia_tanacetifolia","JUN","Lasioglossum_imitatum","genung",7.71472944989637e-05,0.005
"Phacelia_tanacetifolia","JUN","Lasioglossum_paradmirandum","genung",0.00462883766993782,0.3
"Phacelia_tanacetifolia","LAV","Agapostemon_virescens","genung",0.0245192818688047,0.005
"Phacelia_tanacetifolia","LAV","Augochlora_pura","genung",0.000135532874436268,0.005
"Phacelia_tanacetifolia","LAV","Augochloropsis_metallica","genung",0.000135532874436268,0.005
"Phacelia_tanacetifolia","LAV","Bombus_bimaculatus","genung",0.124969690394025,0.035
"Phacelia_tanacetifolia","LAV","Bombus_griseocollis","genung",0.0357056258268642,0.01
"Phacelia_tanacetifolia","LAV","Ceratina_calcarata","genung",0.00197596757209006,0.06
"Phacelia_tanacetifolia","LAV","Ceratina_dupla","genung",0.000987983786045032,0.03
"Phacelia_tanacetifolia","LAV","Ceratina_mikmaqi","genung",0.000823319821704194,0.025
"Phacelia_tanacetifolia","LAV","Ceratina_strenua","genung",0.00181130360774923,0.055
"Phacelia_tanacetifolia","LAV","Heriades_variolosus","genung",0.00410028241061438,0.005
"Phacelia_tanacetifolia","LAV","Hylaeus_affinis_modestus","genung",0.0718696787376547,0.035
"Phacelia_tanacetifolia","LAV","Hylaeus_mesillae","genung",0.0102670969625221,0.005
"Phacelia_tanacetifolia","LAV","Lasioglossum_hitchensi_weemsi","genung",0.000231441883496891,0.015
"Phacelia_tanacetifolia","LAW","Agapostemon_virescens","genung",0.0245192818688047,0.005
"Phacelia_tanacetifolia","LAW","Augochlora_pura","genung",0.000135532874436268,0.005
"Phacelia_tanacetifolia","LAW","Bombus_bimaculatus","genung",0.124969690394025,0.035
"Phacelia_tanacetifolia","LAW","Bombus_griseocollis","genung",0.107116877480593,0.03
"Phacelia_tanacetifolia","LAW","Bombus_impatiens","genung",0.0178528129134321,0.005
"Phacelia_tanacetifolia","LAW","Ceratina_calcarata","genung",0.00362260721549845,0.11
"Phacelia_tanacetifolia","LAW","Ceratina_dupla","genung",0.000987983786045032,0.03
"Phacelia_tanacetifolia","LAW","Ceratina_strenua","genung",0.00493991893022516,0.15
"Phacelia_tanacetifolia","LAW","Heriades_carinata","genung",0.00410028241061438,0.005
"Phacelia_tanacetifolia","LAW","Hylaeus_affinis_modestus","genung",0.0102670969625221,0.005
"Phacelia_tanacetifolia","LAW","Hylaeus_mesillae","genung",0.0410683878500884,0.02
"Phacelia_tanacetifolia","LAW","Lasioglossum_hitchensi_weemsi","genung",7.71472944989637e-05,0.005
"Phacelia_tanacetifolia","MOU","Andrena_wilkella","genung",0.0245192818688047,0.005
"Phacelia_tanacetifolia","MOU","Augochlorella_aurata","genung",0.000135532874436268,0.005
"Phacelia_tanacetifolia","MOU","Ceratina_calcarata","genung",0.000658655857363355,0.02
"Phacelia_tanacetifolia","MOU","Heriades_variolosus","genung",0.00410028241061438,0.005
"Phacelia_tanacetifolia","MOU","Lasioglossum_imitatum","genung",7.71472944989637e-05,0.005
"Phacelia_tanacetifolia","MOU","Lasioglossum_tegulare","genung",7.71472944989637e-05,0.005
"Phacelia_tanacetifolia","MOU","Xylocopa_virginica","genung",0.0130432033289817,0.005
"Phacelia_tanacetifolia","OLD","Agapostemon_virescens","genung",0.0490385637376095,0.01
"Phacelia_tanacetifolia","OLD","Andrena_wilkella","genung",0.0245192818688047,0.005
"Phacelia_tanacetifolia","OLD","Bombus_bimaculatus","genung",0.0535584387402964,0.015
"Phacelia_tanacetifolia","OLD","Ceratina_calcarata","genung",0.000823319821704194,0.025
"Phacelia_tanacetifolia","OLD","Ceratina_dupla","genung",0.000987983786045032,0.03
"Phacelia_tanacetifolia","OLD","Ceratina_strenua","genung",0.00131731171472671,0.04
"Phacelia_tanacetifolia","OLD","Hylaeus_affinis_modestus","genung",0.0308012908875663,0.015
"Phacelia_tanacetifolia","OLD","Hylaeus_mesillae","genung",0.0205341939250442,0.01
"Phacelia_tanacetifolia","OLD","Lasioglossum_hitchensi_weemsi","genung",0.000154294588997927,0.01
"Phacelia_tanacetifolia","PRK","Augochlora_pura","genung",0.000135532874436268,0.005
"Phacelia_tanacetifolia","PRK","Augochlorella_aurata","genung",0.000135532874436268,0.005
"Phacelia_tanacetifolia","PRK","Bombus_bimaculatus","genung",0.196380942047753,0.055
"Phacelia_tanacetifolia","PRK","Ceratina_calcarata","genung",0.00493991893022516,0.15
"Phacelia_tanacetifolia","PRK","Ceratina_dupla","genung",0.000493991893022516,0.015
"Phacelia_tanacetifolia","PRK","Ceratina_strenua","genung",0.000823319821704194,0.025
"Phacelia_tanacetifolia","PRK","Heriades_variolosus","genung",0.00820056482122875,0.01
"Phacelia_tanacetifolia","PRK","Lasioglossum_hitchensi_weemsi","genung",0.000154294588997927,0.01
"Phacelia_tanacetifolia","PRK","Lasioglossum_laevissimum","genung",7.71472944989637e-05,0.005
"Phacelia_tanacetifolia","PRK","Lasioglossum_trigeminum","genung",7.71472944989637e-05,0.005
"Phacelia_tanacetifolia","QUA","Augochlora_pura","genung",0.000135532874436268,0.005
"Phacelia_tanacetifolia","QUA","Augochlorella_aurata","genung",0.000271065748872537,0.01
"Phacelia_tanacetifolia","QUA","Bombus_bimaculatus","genung",0.0535584387402964,0.015
"Phacelia_tanacetifolia","QUA","Ceratina_calcarata","genung",0.00181130360774923,0.055
"Phacelia_tanacetifolia","QUA","Ceratina_dupla","genung",0.00131731171472671,0.04
"Phacelia_tanacetifolia","QUA","Ceratina_mikmaqi","genung",0.000164663964340839,0.005
"Phacelia_tanacetifolia","QUA","Ceratina_strenua","genung",0.00279928739379426,0.085
"Phacelia_tanacetifolia","QUA","Heriades_carinata","genung",0.00820056482122875,0.01
"Phacelia_tanacetifolia","QUA","Heriades_leavitti","genung",0.00410028241061438,0.005
"Phacelia_tanacetifolia","QUA","Heriades_variolosus","genung",0.00410028241061438,0.005
"Phacelia_tanacetifolia","QUA","Hylaeus_affinis_modestus","genung",0.112938066587743,0.055
"Phacelia_tanacetifolia","QUA","Hylaeus_mesillae","genung",0.0821367757001768,0.04
"Phacelia_tanacetifolia","QUA","Lasioglossum_admirandum","genung",7.71472944989637e-05,0.005
"Phacelia_tanacetifolia","QUA","Lasioglossum_imitatum","genung",0.000308589177995855,0.02
"Phacelia_tanacetifolia","QUA","Lasioglossum_paradmirandum","genung",0.000154294588997927,0.01
"Phacelia_tanacetifolia","QUA","Lasioglossum_tegulare","genung",7.71472944989637e-05,0.005
"Phacelia_tanacetifolia","QUA","Xylocopa_virginica","genung",0.0130432033289817,0.005
"Phacelia_tanacetifolia","ROO","Agapostemon_virescens","genung",0.0735578456064142,0.015
"Phacelia_tanacetifolia","ROO","Augochlorella_aurata","genung",0.000271065748872537,0.01
"Phacelia_tanacetifolia","ROO","Bombus_bimaculatus","genung",0.33920344535521,0.095
"Phacelia_tanacetifolia","ROO","Bombus_griseocollis","genung",0.0357056258268642,0.01
"Phacelia_tanacetifolia","ROO","Bombus_impatiens","genung",0.0892640645671606,0.025
"Phacelia_tanacetifolia","ROO","Ceratina_calcarata","genung",0.00115264775038587,0.035
"Phacelia_tanacetifolia","ROO","Ceratina_dupla","genung",0.000329327928681677,0.01
"Phacelia_tanacetifolia","ROO","Ceratina_strenua","genung",0.000164663964340839,0.005
"Phacelia_tanacetifolia","ROO","Heriades_carinata","genung",0.00410028241061438,0.005
"Phacelia_tanacetifolia","ROY","Bombus_griseocollis","genung",0.0535584387402964,0.015
"Phacelia_tanacetifolia","ROY","Bombus_impatiens","genung",0.0357056258268642,0.01
"Phacelia_tanacetifolia","ROY","Ceratina_calcarata","genung",0.00115264775038587,0.035
"Phacelia_tanacetifolia","ROY","Ceratina_dupla","genung",0.000164663964340839,0.005
"Phacelia_tanacetifolia","ROY","Ceratina_mikmaqi","genung",0.000658655857363355,0.02
"Phacelia_tanacetifolia","ROY","Ceratina_strenua","genung",0.0021406315364309,0.065
"Phacelia_tanacetifolia","ROY","Heriades_carinata","genung",0.00410028241061438,0.005
"Phacelia_tanacetifolia","ROY","Heriades_variolosus","genung",0.00410028241061438,0.005
"Phacelia_tanacetifolia","ROY","Hylaeus_affinis_modestus","genung",0.0410683878500884,0.02
"Phacelia_tanacetifolia","ROY","Hylaeus_mesillae","genung",0.0513354848126105,0.025
"Phacelia_tanacetifolia","US2","Bombus_bimaculatus","genung",0.0357056258268642,0.01
"Phacelia_tanacetifolia","US2","Bombus_griseocollis","genung",0.0178528129134321,0.005
"Phacelia_tanacetifolia","US2","Bombus_impatiens","genung",0.0178528129134321,0.005
"Phacelia_tanacetifolia","US2","Ceratina_calcarata","genung",0.00345794325115761,0.105
"Phacelia_tanacetifolia","US2","Ceratina_dupla","genung",0.000823319821704194,0.025
"Phacelia_tanacetifolia","US2","Ceratina_mikmaqi","genung",0.00148197567906755,0.045
"Phacelia_tanacetifolia","US2","Ceratina_strenua","genung",0.00148197567906755,0.045
"Phacelia_tanacetifolia","US2","Hylaeus_affinis_modestus","genung",0.133472260512787,0.065
"Phacelia_tanacetifolia","US2","Hylaeus_mesillae","genung",0.0616025817751326,0.03
"Phacelia_tanacetifolia","US2","Lasioglossum_atwoodi","genung",7.71472944989637e-05,0.005
"Phacelia_tanacetifolia","US2","Lasioglossum_obscurum","genung",7.71472944989637e-05,0.005
"Phacelia_tanacetifolia","VAN","Bombus_bimaculatus","genung",0.0357056258268642,0.01
"Phacelia_tanacetifolia","VAN","Ceratina_calcarata","genung",0.010209165789132,0.31
"Phacelia_tanacetifolia","VAN","Ceratina_dupla","genung",0.00246995946511258,0.075
"Phacelia_tanacetifolia","VAN","Ceratina_mikmaqi","genung",0.000658655857363355,0.02
"Phacelia_tanacetifolia","VAN","Ceratina_strenua","genung",0.00708055046665607,0.215
"Phacelia_tanacetifolia","VAN","Heriades_carinata","genung",0.00410028241061438,0.005
"Phacelia_tanacetifolia","VAN","Heriades_variolosus","genung",0.00820056482122875,0.01
"Phacelia_tanacetifolia","VAN","Hylaeus_affinis_modestus","genung",0.0308012908875663,0.015
"Phacelia_tanacetifolia","VAN","Hylaeus_mesillae","genung",0.0410683878500884,0.02
"Phacelia_tanacetifolia","VAN","Hylaeus_sparsus","genung",0.0102670969625221,0.005
"Phacelia_tanacetifolia","VAN","Lasioglossum_hitchensi_weemsi","genung",0.000385736472494819,0.025
"Phacelia_tanacetifolia","WES","Agapostemon_virescens","genung",0.0735578456064142,0.015
"Phacelia_tanacetifolia","WES","Augochlora_pura","genung",0.000135532874436268,0.005
"Phacelia_tanacetifolia","WES","Augochlorella_aurata","genung",0.000135532874436268,0.005
"Phacelia_tanacetifolia","WES","Bombus_bimaculatus","genung",0.107116877480593,0.03
"Phacelia_tanacetifolia","WES","Bombus_griseocollis","genung",0.0178528129134321,0.005
"Phacelia_tanacetifolia","WES","Ceratina_calcarata","genung",0.000658655857363355,0.02
"Phacelia_tanacetifolia","WES","Ceratina_dupla","genung",0.000658655857363355,0.02
"Phacelia_tanacetifolia","WES","Ceratina_mikmaqi","genung",0.000164663964340839,0.005
"Phacelia_tanacetifolia","WES","Ceratina_strenua","genung",0.00362260721549845,0.11
"Phacelia_tanacetifolia","WES","Heriades_variolosus","genung",0.0164011296424575,0.02
"Phacelia_tanacetifolia","WES","Hylaeus_affinis_modestus","genung",0.0513354848126105,0.025
"Phacelia_tanacetifolia","WES","Hylaeus_mesillae","genung",0.0308012908875663,0.015
"Phacelia_tanacetifolia","WES","Lasioglossum_hitchensi_weemsi","genung",7.71472944989637e-05,0.005
"Phacelia_tanacetifolia","WES","Lasioglossum_imitatum","genung",7.71472944989637e-05,0.005
"Phacelia_tanacetifolia","WES","Lasioglossum_tegulare","genung",7.71472944989637e-05,0.005
"Phacelia_tanacetifolia","ZIO","Agapostemon_virescens","genung",0.0204327348906706,0.00416666666666667
"Phacelia_tanacetifolia","ZIO","Bombus_bimaculatus","genung",0.0446320322835803,0.0125
"Phacelia_tanacetifolia","ZIO","Ceratina_calcarata","genung",0.000686099851420161,0.0208333333333333
"Phacelia_tanacetifolia","ZIO","Ceratina_dupla","genung",0.000686099851420161,0.0208333333333333
"Phacelia_tanacetifolia","ZIO","Ceratina_strenua","genung",0.000548879881136129,0.0166666666666667
"Phacelia_tanacetifolia","ZIO","Hylaeus_affinis_modestus","genung",0.00855591413543508,0.00416666666666667
"Polemonium_reptans","AMW","Andrena_carlini","genung",1.15550653594771,0.00588235294117647
"Polemonium_reptans","AMW","Bombus_bimaculatus","genung",3.08181139122316,0.0117647058823529
"Polemonium_reptans","AMW","Ceratina_calcarata","genung",0.856535947712418,0.0588235294117647
"Polemonium_reptans","AMW","Ceratina_dupla","genung",0.0856535947712418,0.00588235294117647
"Polemonium_reptans","AMW","Lasioglossum_abanci","genung",1.39127622979016,0.0117647058823529
"Polemonium_reptans","AMW","Lasioglossum_cressonii","genung",0.0539309056956116,0.00588235294117647
"Polemonium_reptans","AMW","Lasioglossum_foxii","genung",0.0539309056956116,0.00588235294117647
"Polemonium_reptans","AMW","Lasioglossum_illinoense","genung",0.0539309056956116,0.00588235294117647
"Polemonium_reptans","AMW","Osmia_pumila","genung",1.17424836601307,0.0117647058823529
"Polemonium_reptans","BAR","Augochlorella_aurata","genung",0.595079365079365,0.00714285714285714
"Polemonium_reptans","BAR","Osmia_pumila","genung",1.42587301587302,0.0142857142857143
"Polemonium_reptans","BUC","Andrena_nasonii","genung",0.712936507936508,0.00714285714285714
"Polemonium_reptans","BUC","Augochlora_pura","genung",1.7852380952381,0.0214285714285714
"Polemonium_reptans","BUC","Bombus_bimaculatus","genung",1.87109977324263,0.00714285714285714
"Polemonium_reptans","BUC","Ceratina_calcarata","genung",0.312023809523809,0.0214285714285714
"Polemonium_reptans","BUC","Ceratina_mikmaqi","genung",0.104007936507936,0.00714285714285714
"Polemonium_reptans","BUC","Ceratina_strenua","genung",0.104007936507936,0.00714285714285714
"Polemonium_reptans","BUC","Lasioglossum_atwoodi","genung",0.130975056689342,0.0142857142857143
"Polemonium_reptans","BUC","Lasioglossum_foxii","genung",0.130975056689342,0.0142857142857143
"Polemonium_reptans","BUC","Lasioglossum_oblongum","genung",0.0654875283446712,0.00714285714285714
"Polemonium_reptans","BUC","Lasioglossum_versatum","genung",0.844703425229741,0.00714285714285714
"Polemonium_reptans","BUC","Osmia_atriventris","genung",0.712936507936508,0.00714285714285714
"Polemonium_reptans","BUC","Osmia_pumila","genung",2.13880952380952,0.0214285714285714
"Polemonium_reptans","CAN","Andrena_nasonii","genung",0.587124183006536,0.00588235294117647
"Polemonium_reptans","CAN","Augochlorella_aurata","genung",6.37084967320261,0.0764705882352941
"Polemonium_reptans","CAN","Bombus_impatiens","genung",1.54090569561158,0.00588235294117647
"Polemonium_reptans","CAN","Ceratina_calcarata","genung",0.94218954248366,0.0647058823529412
"Polemonium_reptans","CAN","Ceratina_strenua","genung",0.171307189542484,0.0117647058823529
"Polemonium_reptans","CAN","Lasioglossum_foxii","genung",0.0539309056956116,0.00588235294117647
"Polemonium_reptans","CAN","Lasioglossum_hitchensi_weemsi","genung",0.107861811391223,0.0117647058823529
"Polemonium_reptans","CAN","Osmia_atriventris","genung",0.587124183006536,0.00588235294117647
"Polemonium_reptans","CAN","Osmia_cornifrons","genung",0.587124183006536,0.00588235294117647
"Polemonium_reptans","CAN","Osmia_pumila","genung",2.34849673202614,0.0235294117647059
"Polemonium_reptans","CAR","Andrena_carlini","genung",1.19052188552189,0.00606060606060606
"Polemonium_reptans","CAR","Bombus_bimaculatus","genung",1.58759980759981,0.00606060606060606
"Polemonium_reptans","CAR","Ceratina_calcarata","genung",0.0882491582491582,0.00606060606060606
"Polemonium_reptans","CAR","Ceratina_dupla","genung",0.441245791245791,0.0303030303030303
"Polemonium_reptans","CAR","Ceratina_mikmaqi","genung",0.529494949494949,0.0363636363636364
"Polemonium_reptans","CAR","Hoplitis_pilosifrons","genung",0.716718057770689,0.00606060606060606
"Polemonium_reptans","CEM","Augochlorella_aurata","genung",1.2817094017094,0.0153846153846154
"Polemonium_reptans","CEM","Bombus_griseocollis","genung",2.01503052503053,0.00769230769230769
"Polemonium_reptans","CEM","Lasioglossum_imitatum","genung",0.141050061050061,0.0153846153846154
"Polemonium_reptans","CEM","Osmia_atriventris","genung",0.767777777777778,0.00769230769230769
"Polemonium_reptans","CEM","Osmia_distincta","genung",0.767777777777778,0.00769230769230769
"Polemonium_reptans","EVE","Andrena_nasonii","genung",0.831759259259259,0.00833333333333333
"Polemonium_reptans","EVE","Augochlora_pura","genung",13.8851851851852,0.166666666666667
"Polemonium_reptans","EVE","Augochlorella_aurata","genung",0.694259259259259,0.00833333333333333
"Polemonium_reptans","EVE","Bombus_bimaculatus","genung",2.18294973544974,0.00833333333333333
"Polemonium_reptans","EVE","Ceratina_calcarata","genung",1.5774537037037,0.108333333333333
"Polemonium_reptans","EVE","Ceratina_strenua","genung",0.48537037037037,0.0333333333333333
"Polemonium_reptans","EVE","Lasioglossum_abanci","genung",1.9709746588694,0.0166666666666667
"Polemonium_reptans","EVE","Lasioglossum_birkmanni","genung",0.0764021164021164,0.00833333333333333
"Polemonium_reptans","EVE","Lasioglossum_foxii","genung",0.0764021164021164,0.00833333333333333
"Polemonium_reptans","EVE","Osmia_albiventris","genung",0.831759259259259,0.00833333333333333
"Polemonium_reptans","EVE","Osmia_atriventris","genung",0.831759259259259,0.00833333333333333
"Polemonium_reptans","EVE","Osmia_pumila","genung",4.1587962962963,0.0416666666666667
"Polemonium_reptans","FOS","Andrena_carlini","genung",3.68317708333333,0.01875
"Polemonium_reptans","FOS","Andrena_nasonii","genung",1.24763888888889,0.0125
"Polemonium_reptans","FOS","Augochlorella_aurata","genung",0.520694444444444,0.00625
"Polemonium_reptans","FOS","Bombus_bimaculatus","genung",1.6372123015873,0.00625
"Polemonium_reptans","FOS","Ceratina_calcarata","genung",0.364027777777778,0.025
"Polemonium_reptans","FOS","Ceratina_dupla","genung",0.0910069444444444,0.00625
"Polemonium_reptans","FOS","Ceratina_strenua","genung",0.0910069444444444,0.00625
"Polemonium_reptans","FOS","Osmia_atriventris","genung",0.623819444444444,0.00625
"Polemonium_reptans","FOS","Osmia_pumila","genung",2.49527777777778,0.025
"Polemonium_reptans","HIL","Andrena_violae","genung",0.767777777777778,0.00769230769230769
"Polemonium_reptans","HIL","Augochlorella_aurata","genung",1.9225641025641,0.0230769230769231
"Polemonium_reptans","HIL","Bombus_bimaculatus","genung",2.01503052503053,0.00769230769230769
"Polemonium_reptans","HIL","Ceratina_calcarata","genung",0.448034188034188,0.0307692307692308
"Polemonium_reptans","HIL","Ceratina_dupla","genung",0.448034188034188,0.0307692307692308
"Polemonium_reptans","HIL","Ceratina_mikmaqi","genung",0.448034188034188,0.0307692307692308
"Polemonium_reptans","HIL","Ceratina_strenua","genung",7.72858974358974,0.530769230769231
"Polemonium_reptans","HIL","Lasioglossum_abanci","genung",0.909680611785875,0.00769230769230769
"Polemonium_reptans","HIL","Lasioglossum_paradmirandum","genung",0.0705250305250305,0.00769230769230769
"Polemonium_reptans","HIL","Osmia_pumila","genung",3.07111111111111,0.0307692307692308
"Polemonium_reptans","HIL","Xylocopa_virginica","genung",1.63555555555556,0.0153846153846154
"Polemonium_reptans","HOL","Augochlorella_aurata","genung",1.75391812865497,0.0210526315789474
"Polemonium_reptans","HOL","Bombus_bimaculatus","genung",4.13611528822055,0.0157894736842105
"Polemonium_reptans","HOL","Bombus_griseocollis","genung",1.37870509607352,0.00526315789473684
"Polemonium_reptans","HOL","Ceratina_calcarata","genung",0.536461988304094,0.0368421052631579
"Polemonium_reptans","HOL","Ceratina_dupla","genung",0.0766374269005848,0.00526315789473684
"Polemonium_reptans","HOL","Ceratina_mikmaqi","genung",0.383187134502924,0.0263157894736842
"Polemonium_reptans","HOL","Ceratina_strenua","genung",0.383187134502924,0.0263157894736842
"Polemonium_reptans","HOL","Hoplitis_pilosifrons","genung",0.622413050169283,0.00526315789473684
"Polemonium_reptans","HOL","Lasioglossum_hitchensi_weemsi","genung",0.0482539682539683,0.00526315789473684
"Polemonium_reptans","HOL","Lasioglossum_imitatum","genung",0.0482539682539683,0.00526315789473684
"Polemonium_reptans","HOL","Lasioglossum_versatum","genung",1.24482610033857,0.0105263157894737
"Polemonium_reptans","HOL","Osmia_atriventris","genung",2.1012865497076,0.0210526315789474
"Polemonium_reptans","HOL","Osmia_bucephala","genung",1.03387426900585,0.00526315789473684
"Polemonium_reptans","HOL","Osmia_collinsiae","genung",1.03387426900585,0.00526315789473684
"Polemonium_reptans","HOL","Osmia_pumila","genung",3.1519298245614,0.0315789473684211
"Polemonium_reptans","HOM","Andrena_nasonii","genung",0.587124183006536,0.00588235294117647
"Polemonium_reptans","HOM","Bombus_bimaculatus","genung",1.54090569561158,0.00588235294117647
"Polemonium_reptans","HOM","Bombus_griseocollis","genung",1.54090569561158,0.00588235294117647
"Polemonium_reptans","HOM","Ceratina_calcarata","genung",0.171307189542484,0.0117647058823529
"Polemonium_reptans","HOM","Lasioglossum_cattellae","genung",0.0539309056956116,0.00588235294117647
"Polemonium_reptans","HOM","Lasioglossum_oblongum","genung",0.0539309056956116,0.00588235294117647
"Polemonium_reptans","HOM","Osmia_pumila","genung",1.17424836601307,0.0117647058823529
"Polemonium_reptans","JUN","Andrena_nasonii","genung",1.87145833333333,0.01875
"Polemonium_reptans","JUN","Bombus_bimaculatus","genung",1.6372123015873,0.00625
"Polemonium_reptans","JUN","Bombus_impatiens","genung",1.6372123015873,0.00625
"Polemonium_reptans","JUN","Ceratina_calcarata","genung",0.364027777777778,0.025
"Polemonium_reptans","JUN","Ceratina_dupla","genung",0.0910069444444444,0.00625
"Polemonium_reptans","JUN","Ceratina_mikmaqi","genung",0.364027777777778,0.025
"Polemonium_reptans","JUN","Ceratina_strenua","genung",0.0910069444444444,0.00625
"Polemonium_reptans","JUN","Halictus_confusus","genung",1.47823099415205,0.0125
"Polemonium_reptans","JUN","Lasioglossum_foxii","genung",0.0573015873015873,0.00625
"Polemonium_reptans","JUN","Lasioglossum_paradmirandum","genung",0.343809523809524,0.0375
"Polemonium_reptans","JUN","Lasioglossum_taylorae","genung",0.0573015873015873,0.00625
"Polemonium_reptans","JUN","Lasioglossum_tegulare","genung",0.0573015873015873,0.00625
"Polemonium_reptans","JUN","Osmia_pumila","genung",1.24763888888889,0.0125
"Polemonium_reptans","LAV","Andrena_carlini","genung",1.40311507936508,0.00714285714285714
"Polemonium_reptans","LAV","Andrena_nasonii","genung",1.42587301587302,0.0142857142857143
"Polemonium_reptans","LAV","Augochlora_pura","genung",0.595079365079365,0.00714285714285714
"Polemonium_reptans","LAV","Augochlorella_aurata","genung",2.38031746031746,0.0285714285714286
"Polemonium_reptans","LAV","Bombus_bimaculatus","genung",1.87109977324263,0.00714285714285714
"Polemonium_reptans","LAV","Bombus_griseocollis","genung",1.87109977324263,0.00714285714285714
"Polemonium_reptans","LAV","Ceratina_dupla","genung",0.104007936507936,0.00714285714285714
"Polemonium_reptans","LAV","Ceratina_mikmaqi","genung",0.104007936507936,0.00714285714285714
"Polemonium_reptans","LAV","Lasioglossum_abanci","genung",0.844703425229741,0.00714285714285714
"Polemonium_reptans","LAV","Lasioglossum_hitchensi_weemsi","genung",0.0654875283446712,0.00714285714285714
"Polemonium_reptans","LAV","Osmia_pumila","genung",4.99055555555555,0.05
"Polemonium_reptans","LAV","Xylocopa_virginica","genung",0.759365079365079,0.00714285714285714
"Polemonium_reptans","LAW","Andrena_carlini","genung",1.03387426900585,0.00526315789473684
"Polemonium_reptans","LAW","Andrena_nasonii","genung",0.525321637426901,0.00526315789473684
"Polemonium_reptans","LAW","Augochlorella_aurata","genung",1.75391812865497,0.0210526315789474
"Polemonium_reptans","LAW","Ceratina_calcarata","genung",0.306549707602339,0.0210526315789474
"Polemonium_reptans","LAW","Ceratina_dupla","genung",0.613099415204678,0.0421052631578947
"Polemonium_reptans","LAW","Ceratina_strenua","genung",0.536461988304094,0.0368421052631579
"Polemonium_reptans","LAW","Hoplitis_pilosifrons","genung",0.622413050169283,0.00526315789473684
"Polemonium_reptans","LAW","Osmia_pumila","genung",2.1012865497076,0.0210526315789474
"Polemonium_reptans","MOU","Agapostemon_virescens","genung",0.665407407407407,0.00666666666666667
"Polemonium_reptans","MOU","Andrena_carlini","genung",2.61914814814815,0.0133333333333333
"Polemonium_reptans","MOU","Andrena_nasonii","genung",0.665407407407407,0.00666666666666667
"Polemonium_reptans","MOU","Andrena_vicina","genung",1.30957407407407,0.00666666666666667
"Polemonium_reptans","MOU","Augochlorella_aurata","genung",3.88785185185185,0.0466666666666667
"Polemonium_reptans","MOU","Bombus_bimaculatus","genung",3.49271957671958,0.0133333333333333
"Polemonium_reptans","MOU","Ceratina_calcarata","genung",0.194148148148148,0.0133333333333333
"Polemonium_reptans","MOU","Lasioglossum_cressonii","genung",0.0611216931216931,0.00666666666666667
"Polemonium_reptans","MOU","Lasioglossum_foxii","genung",0.0611216931216931,0.00666666666666667
"Polemonium_reptans","MOU","Lasioglossum_paradmirandum","genung",0.122243386243386,0.0133333333333333
"Polemonium_reptans","MOU","Lasioglossum_tegulare","genung",0.0611216931216931,0.00666666666666667
"Polemonium_reptans","MOU","Lasioglossum_versatum","genung",1.57677972709552,0.0133333333333333
"Polemonium_reptans","MOU","Osmia_atriventris","genung",0.665407407407407,0.00666666666666667
"Polemonium_reptans","MOU","Osmia_bucephala","genung",1.30957407407407,0.00666666666666667
"Polemonium_reptans","MOU","Osmia_distincta","genung",0.665407407407407,0.00666666666666667
"Polemonium_reptans","MOU","Osmia_pumila","genung",2.66162962962963,0.0266666666666667
"Polemonium_reptans","MOU","Xylocopa_virginica","genung",0.708740740740741,0.00666666666666667
"Polemonium_reptans","OLD","Augochlorella_aurata","genung",0.438479532163743,0.00526315789473684
"Polemonium_reptans","OLD","Bombus_bimaculatus","genung",1.37870509607352,0.00526315789473684
"Polemonium_reptans","OLD","Bombus_griseocollis","genung",1.37870509607352,0.00526315789473684
"Polemonium_reptans","OLD","Ceratina_calcarata","genung",0.536461988304094,0.0368421052631579
"Polemonium_reptans","OLD","Ceratina_dupla","genung",0.0766374269005848,0.00526315789473684
"Polemonium_reptans","OLD","Ceratina_strenua","genung",0.0766374269005848,0.00526315789473684
"Polemonium_reptans","OLD","Halictus_confusus","genung",0.622413050169283,0.00526315789473684
"Polemonium_reptans","OLD","Lasioglossum_abanci","genung",0.622413050169283,0.00526315789473684
"Polemonium_reptans","OLD","Lasioglossum_obscurum","genung",0.0482539682539683,0.00526315789473684
"Polemonium_reptans","OLD","Lasioglossum_versatum","genung",0.622413050169283,0.00526315789473684
"Polemonium_reptans","OLD","Lasioglossum_zephyrum","genung",0.0482539682539683,0.00526315789473684
"Polemonium_reptans","OLD","Osmia_pumila","genung",2.1012865497076,0.0210526315789474
"Polemonium_reptans","PRK","Andrena_carlini","genung",1.63696759259259,0.00833333333333333
"Polemonium_reptans","PRK","Andrena_erigeniae","genung",1.66351851851852,0.0166666666666667
"Polemonium_reptans","PRK","Andrena_imitatrix","genung",0.831759259259259,0.00833333333333333
"Polemonium_reptans","PRK","Augochlora_pura","genung",5.55407407407407,0.0666666666666667
"Polemonium_reptans","PRK","Ceratina_calcarata","genung",0.242685185185185,0.0166666666666667
"Polemonium_reptans","PRK","Ceratina_strenua","genung",0.121342592592593,0.00833333333333333
"Polemonium_reptans","PRK","Lasioglossum_abanci","genung",4.92743664717349,0.0416666666666667
"Polemonium_reptans","PRK","Lasioglossum_zephyrum","genung",0.0764021164021164,0.00833333333333333
"Polemonium_reptans","PRK","Osmia_pumila","genung",1.66351851851852,0.0166666666666667
"Polemonium_reptans","PRK","Xylocopa_virginica","genung",0.885925925925926,0.00833333333333333
"Polemonium_reptans","QUA","Andrena_nasonii","genung",1.42587301587302,0.0142857142857143
"Polemonium_reptans","QUA","Augochlora_pura","genung",0.595079365079365,0.00714285714285714
"Polemonium_reptans","QUA","Augochlorella_aurata","genung",2.38031746031746,0.0285714285714286
"Polemonium_reptans","QUA","Ceratina_calcarata","genung",0.416031746031746,0.0285714285714286
"Polemonium_reptans","QUA","Ceratina_dupla","genung",0.416031746031746,0.0285714285714286
"Polemonium_reptans","QUA","Ceratina_mikmaqi","genung",0.520039682539682,0.0357142857142857
"Polemonium_reptans","QUA","Ceratina_strenua","genung",0.832063492063492,0.0571428571428571
"Polemonium_reptans","QUA","Halictus_confusus","genung",0.844703425229741,0.00714285714285714
"Polemonium_reptans","QUA","Hoplitis_simplex","genung",0.844703425229741,0.00714285714285714
"Polemonium_reptans","QUA","Hylaeus_affinis_modestus","genung",0.0654875283446712,0.00714285714285714
"Polemonium_reptans","QUA","Lasioglossum_cressonii","genung",0.196462585034014,0.0214285714285714
"Polemonium_reptans","QUA","Lasioglossum_foxii","genung",0.130975056689342,0.0142857142857143
"Polemonium_reptans","QUA","Lasioglossum_hitchensi_weemsi","genung",0.0654875283446712,0.00714285714285714
"Polemonium_reptans","QUA","Lasioglossum_imitatum","genung",0.327437641723356,0.0357142857142857
"Polemonium_reptans","QUA","Lasioglossum_obscurum","genung",0.130975056689342,0.0142857142857143
"Polemonium_reptans","QUA","Lasioglossum_paradmirandum","genung",0.261950113378685,0.0285714285714286
"Polemonium_reptans","QUA","Lasioglossum_tegulare","genung",0.0654875283446712,0.00714285714285714
"Polemonium_reptans","QUA","Lasioglossum_versatum","genung",4.22351712614871,0.0357142857142857
"Polemonium_reptans","QUA","Osmia_atriventris","genung",0.712936507936508,0.00714285714285714
"Polemonium_reptans","QUA","Osmia_pumila","genung",1.42587301587302,0.0142857142857143
"Polemonium_reptans","ROO","Andrena_carlini","genung",2.31101307189542,0.0117647058823529
"Polemonium_reptans","ROO","Andrena_nasonii","genung",0.587124183006536,0.00588235294117647
"Polemonium_reptans","ROO","Andrena_robertsonii","genung",0.587124183006536,0.00588235294117647
"Polemonium_reptans","ROO","Augochlora_pura","genung",0.980130718954248,0.0117647058823529
"Polemonium_reptans","ROO","Augochlorella_aurata","genung",0.490065359477124,0.00588235294117647
"Polemonium_reptans","ROO","Bombus_bimaculatus","genung",4.62271708683473,0.0176470588235294
"Polemonium_reptans","ROO","Ceratina_calcarata","genung",0.0856535947712418,0.00588235294117647
"Polemonium_reptans","ROO","Colletes_inaequalis","genung",1.15550653594771,0.00588235294117647
"Polemonium_reptans","ROO","Lasioglossum_abanci","genung",1.39127622979016,0.0117647058823529
"Polemonium_reptans","ROO","Lasioglossum_foxii","genung",0.107861811391223,0.0117647058823529
"Polemonium_reptans","ROO","Osmia_atriventris","genung",1.76137254901961,0.0176470588235294
"Polemonium_reptans","ROO","Osmia_distincta","genung",0.587124183006536,0.00588235294117647
"Polemonium_reptans","ROO","Osmia_pumila","genung",1.17424836601307,0.0117647058823529
"Polemonium_reptans","ROY","Andrena_nasonii","genung",0.767777777777778,0.00769230769230769
"Polemonium_reptans","ROY","Augochlorella_aurata","genung",0.640854700854701,0.00769230769230769
"Polemonium_reptans","ROY","Ceratina_calcarata","genung",0.560042735042735,0.0384615384615385
"Polemonium_reptans","ROY","Ceratina_dupla","genung",0.448034188034188,0.0307692307692308
"Polemonium_reptans","ROY","Ceratina_mikmaqi","genung",0.560042735042735,0.0384615384615385
"Polemonium_reptans","ROY","Ceratina_strenua","genung",0.448034188034188,0.0307692307692308
"Polemonium_reptans","ROY","Hylaeus_affinis_modestus","genung",0.0705250305250305,0.00769230769230769
"Polemonium_reptans","ROY","Hylaeus_mesillae","genung",0.0705250305250305,0.00769230769230769
"Polemonium_reptans","ROY","Lasioglossum_abanci","genung",0.909680611785875,0.00769230769230769
"Polemonium_reptans","ROY","Osmia_cornifrons","genung",0.767777777777778,0.00769230769230769
"Polemonium_reptans","ROY","Osmia_pumila","genung",0.767777777777778,0.00769230769230769
"Polemonium_reptans","US2","Andrena_carlini","genung",0.982180555555556,0.005
"Polemonium_reptans","US2","Augochlorella_aurata","genung",3.33244444444444,0.04
"Polemonium_reptans","US2","Ceratina_calcarata","genung",1.38330555555556,0.095
"Polemonium_reptans","US2","Ceratina_mikmaqi","genung",1.60172222222222,0.11
"Polemonium_reptans","US2","Ceratina_strenua","genung",0.509638888888889,0.035
"Polemonium_reptans","US2","Lasioglossum_foxii","genung",0.183365079365079,0.02
"Polemonium_reptans","US2","Osmia_atriventris","genung",0.998111111111111,0.01
"Polemonium_reptans","US2","Osmia_bucephala","genung",0.982180555555556,0.005
"Polemonium_reptans","US2","Osmia_conjuncta","genung",0.499055555555556,0.005
"Polemonium_reptans","US2","Osmia_cornifrons","genung",0.499055555555556,0.005
"Polemonium_reptans","US2","Osmia_distincta","genung",1.49716666666667,0.015
"Polemonium_reptans","US2","Osmia_pumila","genung",4.4915,0.045
"Polemonium_reptans","VAN","Andrena_nasonii","genung",0.665407407407407,0.00666666666666667
"Polemonium_reptans","VAN","Andrena_wilkella","genung",0.665407407407407,0.00666666666666667
"Polemonium_reptans","VAN","Augochlorella_aurata","genung",2.77703703703704,0.0333333333333333
"Polemonium_reptans","VAN","Bombus_fervidus","genung",1.74635978835979,0.00666666666666667
"Polemonium_reptans","VAN","Ceratina_calcarata","genung",1.06781481481481,0.0733333333333333
"Polemonium_reptans","VAN","Ceratina_dupla","genung",0.388296296296296,0.0266666666666667
"Polemonium_reptans","VAN","Ceratina_strenua","genung",0.194148148148148,0.0133333333333333
"Polemonium_reptans","VAN","Lasioglossum_abanci","genung",0.788389863547758,0.00666666666666667
"Polemonium_reptans","VAN","Lasioglossum_coriaceum","genung",0.0611216931216931,0.00666666666666667
"Polemonium_reptans","VAN","Lasioglossum_oblongum","genung",0.0611216931216931,0.00666666666666667
"Polemonium_reptans","VAN","Osmia_pumila","genung",5.32325925925926,0.0533333333333333
"Polemonium_reptans","WES","Augochlora_pura","genung",0.640854700854701,0.00769230769230769
"Polemonium_reptans","WES","Augochlorella_aurata","genung",2.5634188034188,0.0307692307692308
"Polemonium_reptans","WES","Augochloropsis_metallica","genung",0.640854700854701,0.00769230769230769
"Polemonium_reptans","WES","Ceratina_strenua","genung",3.02423076923077,0.207692307692308
"Polemonium_reptans","WES","Lasioglossum_abanci","genung",0.909680611785875,0.00769230769230769
"Polemonium_reptans","WES","Lasioglossum_callidum","genung",0.0705250305250305,0.00769230769230769
"Polemonium_reptans","WES","Lasioglossum_obscurum","genung",0.0705250305250305,0.00769230769230769
"Polemonium_reptans","WES","Lasioglossum_versatum","genung",0.909680611785875,0.00769230769230769
"Polemonium_reptans","WES","Lasioglossum_zonulum","genung",0.0705250305250305,0.00769230769230769
"Polemonium_reptans","WES","Osmia_albiventris","genung",0.767777777777778,0.00769230769230769
"Polemonium_reptans","WES","Osmia_atriventris","genung",0.767777777777778,0.00769230769230769
"Polemonium_reptans","WES","Osmia_pumila","genung",1.53555555555556,0.0153846153846154
"Polemonium_reptans","WES","Xylocopa_virginica","genung",0.817777777777778,0.00769230769230769
"Polemonium_reptans","ZIO","Andrena_carlini","genung",0.982180555555556,0.005
"Polemonium_reptans","ZIO","Andrena_hippotes","genung",0.499055555555556,0.005
"Polemonium_reptans","ZIO","Andrena_pruni","genung",0.982180555555556,0.005
"Polemonium_reptans","ZIO","Augochlora_pura","genung",0.416555555555556,0.005
"Polemonium_reptans","ZIO","Augochlorella_aurata","genung",0.416555555555556,0.005
"Polemonium_reptans","ZIO","Bombus_bimaculatus","genung",3.92930952380952,0.015
"Polemonium_reptans","ZIO","Bombus_perplexus","genung",1.30976984126984,0.005
"Polemonium_reptans","ZIO","Ceratina_calcarata","genung",0.218416666666667,0.015
"Polemonium_reptans","ZIO","Ceratina_dupla","genung",0.0728055555555556,0.005
"Polemonium_reptans","ZIO","Ceratina_strenua","genung",0.145611111111111,0.01
"Polemonium_reptans","ZIO","Lasioglossum_foxii","genung",0.0458412698412698,0.005
"Polemonium_reptans","ZIO","Lasioglossum_hitchensi_weemsi","genung",0.0458412698412698,0.005
"Polemonium_reptans","ZIO","Lasioglossum_versatum","genung",1.77387719298246,0.015
"Polemonium_reptans","ZIO","Osmia_cornifrons","genung",0.499055555555556,0.005
"Polemonium_reptans","ZIO","Osmia_pumila","genung",2.99433333333333,0.03
